t,count,mean_rate,m1_rate,m5_rate,m15_rate,rate_unit
1617258282,17,0.280747,1.359489,2.830468,3.198444,events/second
1617259531,17,0.281548,1.359489,2.830468,3.198444,events/second
