t,count,mean_rate,m1_rate,m5_rate,m15_rate,rate_unit
1617258282,1,0.016515,0.079970,0.166498,0.188144,events/second
1617259531,1,0.016562,0.079970,0.166498,0.188144,events/second
