t,count,mean_rate,m1_rate,m5_rate,m15_rate,rate_unit
1617258282,0,0.000000,0.000000,0.000000,0.000000,events/second
1617259531,0,0.000000,0.000000,0.000000,0.000000,events/second
