t,count,mean_rate,m1_rate,m5_rate,m15_rate,rate_unit
1617258282,0,0.000000,0.000000,0.000000,0.000000,events/second
1617259531,2,0.033551,0.015107,0.005691,0.002108,events/second
