t,count,max,mean,min,stddev,p50,p75,p95,p98,p99,p999,mean_rate,m1_rate,m5_rate,m15_rate,rate_unit,duration_unit
1617258282,0,0.000000,0.000000,0.000000,0.000000,0.000000,0.000000,0.000000,0.000000,0.000000,0.000000,0.000000,0.000000,0.000000,0.000000,calls/second,milliseconds
1617259531,2,88.000000,45.000000,2.000000,43.000000,88.000000,88.000000,88.000000,88.000000,88.000000,88.000000,0.033547,0.015107,0.005691,0.002108,calls/second,milliseconds
